September 1, 2019 is unavailable.:day-template day-template--past 
September 2, 2019 is unavailable.:day-template day-template--past 
September 3, 2019 is unavailable.:day-template day-template--past 
September 4, 2019 is unavailable.:day-template day-template--past 
September 5, 2019 is unavailable.:day-template day-template--past 
September 6, 2019:day-template day-template--today day-template--disabled 
September 7, 2019:day-template day-template--pm-unavailable-stay day-template--am-unavailable-stay day-template--disabled 
September 8, 2019:day-template day-template--pm-unavailable-stay day-template--am-unavailable-stay day-template--disabled 
September 9, 2019:day-template day-template--pm-unavailable-stay day-template--am-unavailable-stay day-template--disabled 
September 10, 2019:day-template day-template--pm-unavailable-stay day-template--am-unavailable-stay day-template--disabled 
September 11, 2019:day-template day-template--pm-unavailable-stay day-template--am-unavailable-stay day-template--disabled 
September 12, 2019:day-template day-template--am-unavailable-stay day-template--available-stay 
September 13, 2019:day-template day-template--available-stay 
September 14, 2019:day-template day-template--available-stay 
September 15, 2019:day-template day-template--available-stay 
September 16, 2019:day-template day-template--available-stay 
September 17, 2019:day-template day-template--available-stay 
September 18, 2019:day-template day-template--available-stay 
September 19, 2019:day-template day-template--available-stay 
September 20, 2019:day-template day-template--available-stay 
September 21, 2019:day-template day-template--available-stay 
September 22, 2019:day-template day-template--available-stay 
September 23, 2019:day-template day-template--available-stay 
September 24, 2019:day-template day-template--available-stay 
September 25, 2019:day-template day-template--available-stay 
September 26, 2019:day-template day-template--available-stay 
September 27, 2019:day-template day-template--available-stay 
September 28, 2019:day-template day-template--available-stay 
September 29, 2019:day-template day-template--available-stay 
September 30, 2019:day-template day-template--available-stay 
October 1, 2019:day-template day-template--available-stay 
October 2, 2019:day-template day-template--available-stay 
October 3, 2019:day-template day-template--available-stay 
October 4, 2019:day-template day-template--available-stay 
October 5, 2019:day-template day-template--available-stay 
October 6, 2019:day-template day-template--available-stay 
October 7, 2019:day-template day-template--available-stay 
October 8, 2019:day-template day-template--available-stay 
October 9, 2019:day-template day-template--available-stay 
October 10, 2019:day-template day-template--available-stay 
October 11, 2019:day-template day-template--available-stay 
October 12, 2019:day-template day-template--available-stay 
October 13, 2019:day-template day-template--available-stay 
October 14, 2019:day-template day-template--available-stay 
October 15, 2019:day-template day-template--available-stay 
October 16, 2019:day-template day-template--available-stay 
October 17, 2019:day-template day-template--available-stay 
October 18, 2019:day-template day-template--available-stay 
October 19, 2019:day-template day-template--available-stay 
October 20, 2019:day-template day-template--available-stay 
October 21, 2019:day-template day-template--available-stay 
October 22, 2019:day-template day-template--available-stay 
October 23, 2019:day-template day-template--available-stay 
October 24, 2019:day-template day-template--available-stay 
October 25, 2019:day-template day-template--available-stay 
October 26, 2019:day-template day-template--available-stay 
October 27, 2019:day-template day-template--available-stay 
October 28, 2019:day-template day-template--available-stay 
October 29, 2019:day-template day-template--available-stay 
October 30, 2019:day-template day-template--available-stay 
October 31, 2019:day-template day-template--available-stay 
November 1, 2019:day-template day-template--available-stay 
November 2, 2019:day-template day-template--available-stay 
November 3, 2019:day-template day-template--available-stay 
November 4, 2019:day-template day-template--available-stay 
November 5, 2019:day-template day-template--available-stay 
November 6, 2019:day-template day-template--available-stay 
November 7, 2019:day-template day-template--available-stay 
November 8, 2019:day-template day-template--available-stay 
November 9, 2019:day-template day-template--available-stay 
November 10, 2019:day-template day-template--available-stay 
November 11, 2019:day-template day-template--available-stay 
November 12, 2019:day-template day-template--available-stay 
November 13, 2019:day-template day-template--available-stay 
November 14, 2019:day-template day-template--available-stay 
November 15, 2019:day-template day-template--available-stay 
November 16, 2019:day-template day-template--available-stay 
November 17, 2019:day-template day-template--available-stay 
November 18, 2019:day-template day-template--available-stay 
November 19, 2019:day-template day-template--available-stay 
November 20, 2019:day-template day-template--available-stay 
November 21, 2019:day-template day-template--available-stay 
November 22, 2019:day-template day-template--available-stay 
November 23, 2019:day-template day-template--available-stay 
November 24, 2019:day-template day-template--available-stay 
November 25, 2019:day-template day-template--available-stay 
November 26, 2019:day-template day-template--available-stay 
November 27, 2019:day-template day-template--available-stay 
November 28, 2019:day-template day-template--available-stay 
November 29, 2019:day-template day-template--available-stay 
November 30, 2019:day-template day-template--available-stay 
December 1, 2019:day-template day-template--available-stay 
December 2, 2019:day-template day-template--available-stay 
December 3, 2019:day-template day-template--available-stay 
December 4, 2019:day-template day-template--available-stay 
December 5, 2019:day-template day-template--available-stay 
December 6, 2019:day-template day-template--available-stay 
December 7, 2019:day-template day-template--available-stay 
December 8, 2019:day-template day-template--available-stay 
December 9, 2019:day-template day-template--available-stay 
December 10, 2019:day-template day-template--available-stay 
December 11, 2019:day-template day-template--available-stay 
December 12, 2019:day-template day-template--available-stay 
December 13, 2019:day-template day-template--available-stay 
December 14, 2019:day-template day-template--available-stay 
December 15, 2019:day-template day-template--available-stay 
December 16, 2019:day-template day-template--available-stay 
December 17, 2019:day-template day-template--available-stay 
December 18, 2019:day-template day-template--available-stay 
December 19, 2019:day-template day-template--available-stay 
December 20, 2019:day-template day-template--available-stay 
December 21, 2019:day-template day-template--available-stay 
December 22, 2019:day-template day-template--available-stay 
December 23, 2019:day-template day-template--available-stay 
December 24, 2019:day-template day-template--available-stay 
December 25, 2019:day-template day-template--available-stay 
December 26, 2019:day-template day-template--available-stay 
December 27, 2019:day-template day-template--available-stay 
December 28, 2019:day-template day-template--available-stay 
December 29, 2019:day-template day-template--available-stay 
December 30, 2019:day-template day-template--available-stay 
December 31, 2019:day-template day-template--available-stay 
